"filename", "language", "XML", "Shell Script", "Markdown", "HTML", "YAML", "SCSS", "TypeScript", "TypeScript JSX", "JSON with Comments", "Docker", "JSON", "comment", "blank", "total"
"e:\Embedded\MyLogGit\.devcontainer\Dockerfile", "Docker", 0, 0, 0, 0, 0, 0, 0, 0, 0, 15, 0, 11, 6, 32
"e:\Embedded\MyLogGit\.devcontainer\devcontainer.json", "JSON with Comments", 0, 0, 0, 0, 0, 0, 0, 0, 25, 0, 0, 15, 6, 46
"e:\Embedded\MyLogGit\.github\FUNDING.yml", "YAML", 0, 0, 0, 0, 2, 0, 0, 0, 0, 0, 0, 0, 1, 3
"e:\Embedded\MyLogGit\.github\ISSUE_TEMPLATE\bug_report.yml", "YAML", 0, 0, 0, 0, 75, 0, 0, 0, 0, 0, 0, 0, 1, 76
"e:\Embedded\MyLogGit\.github\ISSUE_TEMPLATE\config.yml", "YAML", 0, 0, 0, 0, 5, 0, 0, 0, 0, 0, 0, 0, 1, 6
"e:\Embedded\MyLogGit\README.md", "Markdown", 0, 0, 13, 0, 0, 0, 0, 0, 0, 0, 0, 0, 1, 14
"e:\Embedded\MyLogGit\archetypes\categories.md", "Markdown", 0, 0, 7, 0, 0, 0, 0, 0, 0, 0, 0, 0, 0, 7
"e:\Embedded\MyLogGit\archetypes\default.md", "Markdown", 0, 0, 11, 0, 0, 0, 0, 0, 0, 0, 0, 0, 0, 11
"e:\Embedded\MyLogGit\archetypes\tags.md", "Markdown", 0, 0, 5, 0, 0, 0, 0, 0, 0, 0, 0, 0, 0, 5
"e:\Embedded\MyLogGit\assets\icons\archives.svg", "XML", 6, 0, 0, 0, 0, 0, 0, 0, 0, 0, 0, 0, 3, 9
"e:\Embedded\MyLogGit\assets\icons\arrow-back.svg", "XML", 4, 0, 0, 0, 0, 0, 0, 0, 0, 0, 0, 0, 3, 7
"e:\Embedded\MyLogGit\assets\icons\back.svg", "XML", 4, 0, 0, 0, 0, 0, 0, 0, 0, 0, 0, 0, 3, 7
"e:\Embedded\MyLogGit\assets\icons\brand-github.svg", "XML", 4, 0, 0, 0, 0, 0, 0, 0, 0, 0, 0, 0, 3, 7
"e:\Embedded\MyLogGit\assets\icons\brand-twitter.svg", "XML", 4, 0, 0, 0, 0, 0, 0, 0, 0, 0, 0, 0, 3, 7
"e:\Embedded\MyLogGit\assets\icons\categories.svg", "XML", 7, 0, 0, 0, 0, 0, 0, 0, 0, 0, 0, 0, 3, 10
"e:\Embedded\MyLogGit\assets\icons\clock.svg", "XML", 5, 0, 0, 0, 0, 0, 0, 0, 0, 0, 0, 0, 3, 8
"e:\Embedded\MyLogGit\assets\icons\copyright.svg", "XML", 5, 0, 0, 0, 0, 0, 0, 0, 0, 0, 0, 0, 3, 8
"e:\Embedded\MyLogGit\assets\icons\date.svg", "XML", 9, 0, 0, 0, 0, 0, 0, 0, 0, 0, 0, 0, 0, 9
"e:\Embedded\MyLogGit\assets\icons\hash.svg", "XML", 7, 0, 0, 0, 0, 0, 0, 0, 0, 0, 0, 0, 3, 10
"e:\Embedded\MyLogGit\assets\icons\home.svg", "XML", 6, 0, 0, 0, 0, 0, 0, 0, 0, 0, 0, 0, 3, 9
"e:\Embedded\MyLogGit\assets\icons\infinity.svg", "XML", 4, 0, 0, 0, 0, 0, 0, 0, 0, 0, 0, 0, 3, 7
"e:\Embedded\MyLogGit\assets\icons\language.svg", "XML", 8, 0, 0, 0, 0, 0, 0, 0, 0, 0, 0, 0, 3, 11
"e:\Embedded\MyLogGit\assets\icons\link.svg", "XML", 5, 0, 0, 0, 0, 0, 0, 0, 0, 0, 0, 0, 3, 8
"e:\Embedded\MyLogGit\assets\icons\messages.svg", "XML", 5, 0, 0, 0, 0, 0, 0, 0, 0, 0, 0, 0, 3, 8
"e:\Embedded\MyLogGit\assets\icons\rss.svg", "XML", 6, 0, 0, 0, 0, 0, 0, 0, 0, 0, 0, 0, 3, 9
"e:\Embedded\MyLogGit\assets\icons\search.svg", "XML", 5, 0, 0, 0, 0, 0, 0, 0, 0, 0, 0, 0, 3, 8
"e:\Embedded\MyLogGit\assets\icons\tag.svg", "XML", 5, 0, 0, 0, 0, 0, 0, 0, 0, 0, 0, 0, 3, 8
"e:\Embedded\MyLogGit\assets\icons\toggle-left.svg", "XML", 5, 0, 0, 0, 0, 0, 0, 0, 0, 0, 0, 0, 3, 8
"e:\Embedded\MyLogGit\assets\icons\toggle-right.svg", "XML", 5, 0, 0, 0, 0, 0, 0, 0, 0, 0, 0, 0, 3, 8
"e:\Embedded\MyLogGit\assets\icons\user.svg", "XML", 5, 0, 0, 0, 0, 0, 0, 0, 0, 0, 0, 0, 3, 8
"e:\Embedded\MyLogGit\assets\scss\breakpoints.scss", "SCSS", 0, 0, 0, 0, 0, 16, 0, 0, 0, 0, 0, 0, 2, 18
"e:\Embedded\MyLogGit\assets\scss\custom.scss", "SCSS", 0, 0, 0, 0, 0, 0, 0, 0, 0, 0, 0, 1, 0, 1
"e:\Embedded\MyLogGit\assets\scss\external\normalize.scss", "SCSS", 0, 0, 0, 0, 0, 146, 0, 0, 0, 0, 0, 129, 74, 349
"e:\Embedded\MyLogGit\assets\scss\general.scss", "SCSS", 0, 0, 0, 0, 0, 26, 0, 0, 0, 0, 0, 0, 6, 32
"e:\Embedded\MyLogGit\assets\scss\grid.scss", "SCSS", 0, 0, 0, 0, 0, 80, 0, 0, 0, 0, 0, 1, 18, 99
"e:\Embedded\MyLogGit\assets\scss\partials\article.scss", "SCSS", 0, 0, 0, 0, 0, 223, 0, 0, 0, 0, 0, 3, 42, 268
"e:\Embedded\MyLogGit\assets\scss\partials\base.scss", "SCSS", 0, 0, 0, 0, 0, 28, 0, 0, 0, 0, 0, 4, 6, 38
"e:\Embedded\MyLogGit\assets\scss\partials\comments\disqusjs.scss", "SCSS", 0, 0, 0, 0, 0, 336, 0, 0, 0, 0, 0, 0, 59, 395
"e:\Embedded\MyLogGit\assets\scss\partials\footer.scss", "SCSS", 0, 0, 0, 0, 0, 26, 0, 0, 0, 0, 0, 0, 5, 31
"e:\Embedded\MyLogGit\assets\scss\partials\highlight\dark.scss", "SCSS", 0, 0, 0, 0, 0, 216, 0, 0, 0, 0, 0, 86, 82, 384
"e:\Embedded\MyLogGit\assets\scss\partials\highlight\light.scss", "SCSS", 0, 0, 0, 0, 0, 253, 0, 0, 0, 0, 0, 86, 71, 410
"e:\Embedded\MyLogGit\assets\scss\partials\layout\404.scss", "SCSS", 0, 0, 0, 0, 0, 6, 0, 0, 0, 0, 0, 0, 1, 7
"e:\Embedded\MyLogGit\assets\scss\partials\layout\article.scss", "SCSS", 0, 0, 0, 0, 0, 352, 0, 0, 0, 0, 0, 4, 60, 416
"e:\Embedded\MyLogGit\assets\scss\partials\layout\list.scss", "SCSS", 0, 0, 0, 0, 0, 60, 0, 0, 0, 0, 0, 0, 12, 72
"e:\Embedded\MyLogGit\assets\scss\partials\layout\search.scss", "SCSS", 0, 0, 0, 0, 0, 67, 0, 0, 0, 0, 0, 0, 15, 82
"e:\Embedded\MyLogGit\assets\scss\partials\menu.scss", "SCSS", 0, 0, 0, 0, 0, 192, 0, 0, 0, 0, 0, 8, 28, 228
"e:\Embedded\MyLogGit\assets\scss\partials\pagination.scss", "SCSS", 0, 0, 0, 0, 0, 18, 0, 0, 0, 0, 0, 0, 4, 22
"e:\Embedded\MyLogGit\assets\scss\partials\sidebar.scss", "SCSS", 0, 0, 0, 0, 0, 166, 0, 0, 0, 0, 0, 0, 33, 199
"e:\Embedded\MyLogGit\assets\scss\partials\widgets.scss", "SCSS", 0, 0, 0, 0, 0, 56, 0, 0, 0, 0, 0, 2, 10, 68
"e:\Embedded\MyLogGit\assets\scss\style.scss", "SCSS", 0, 0, 0, 0, 0, 17, 0, 0, 0, 0, 0, 7, 5, 29
"e:\Embedded\MyLogGit\assets\scss\variables.scss", "SCSS", 0, 0, 0, 0, 0, 111, 0, 0, 0, 0, 0, 19, 36, 166
"e:\Embedded\MyLogGit\assets\ts\color.ts", "TypeScript", 0, 0, 0, 0, 0, 0, 48, 0, 0, 0, 0, 7, 8, 63
"e:\Embedded\MyLogGit\assets\ts\colorScheme.ts", "TypeScript", 0, 0, 0, 0, 0, 0, 68, 0, 0, 0, 0, 2, 19, 89
"e:\Embedded\MyLogGit\assets\ts\createElement.ts", "TypeScript", 0, 0, 0, 0, 0, 0, 26, 0, 0, 0, 0, 5, 3, 34
"e:\Embedded\MyLogGit\assets\ts\gallery.ts", "TypeScript", 0, 0, 0, 0, 0, 0, 133, 0, 0, 0, 0, 18, 35, 186
"e:\Embedded\MyLogGit\assets\ts\main.ts", "TypeScript", 0, 0, 0, 0, 0, 0, 79, 0, 0, 0, 0, 16, 17, 112
"e:\Embedded\MyLogGit\assets\ts\menu.ts", "TypeScript", 0, 0, 0, 0, 0, 0, 70, 0, 0, 0, 0, 8, 5, 83
"e:\Embedded\MyLogGit\assets\ts\scrollspy.ts", "TypeScript", 0, 0, 0, 0, 0, 0, 95, 0, 0, 0, 0, 12, 24, 131
"e:\Embedded\MyLogGit\assets\ts\search.tsx", "TypeScript JSX", 0, 0, 0, 0, 0, 0, 0, 242, 0, 0, 0, 23, 60, 325
"e:\Embedded\MyLogGit\assets\ts\smoothAnchors.ts", "TypeScript", 0, 0, 0, 0, 0, 0, 17, 0, 0, 0, 0, 11, 6, 34
"e:\Embedded\MyLogGit\config.yaml", "YAML", 0, 0, 0, 0, 114, 0, 0, 0, 0, 0, 0, 5, 23, 142
"e:\Embedded\MyLogGit\data\external.yaml", "YAML", 0, 0, 0, 0, 36, 0, 0, 0, 0, 0, 0, 0, 9, 45
"e:\Embedded\MyLogGit\debug.sh", "Shell Script", 0, 1, 0, 0, 0, 0, 0, 0, 0, 0, 0, 0, 0, 1
"e:\Embedded\MyLogGit\exampleSite\README.md", "Markdown", 0, 0, 1, 0, 0, 0, 0, 0, 0, 0, 0, 0, 0, 1
"e:\Embedded\MyLogGit\exampleSite\config.yaml", "YAML", 0, 0, 0, 0, 186, 0, 0, 0, 0, 0, 0, 17, 35, 238
"e:\Embedded\MyLogGit\exampleSite\content\_index.md", "Markdown", 0, 0, 8, 0, 0, 0, 0, 0, 0, 0, 0, 0, 0, 8
"e:\Embedded\MyLogGit\exampleSite\content\_index.zh-cn.md", "Markdown", 0, 0, 8, 0, 0, 0, 0, 0, 0, 0, 0, 0, 0, 8
"e:\Embedded\MyLogGit\exampleSite\content\page\about\index.md", "Markdown", 0, 0, 22, 0, 0, 0, 0, 0, 0, 0, 0, 0, 5, 27
"e:\Embedded\MyLogGit\exampleSite\content\page\about\index.zh-cn.md", "Markdown", 0, 0, 8, 0, 0, 0, 0, 0, 0, 0, 0, 0, 1, 9
"e:\Embedded\MyLogGit\exampleSite\content\page\archives\index.md", "Markdown", 0, 0, 11, 0, 0, 0, 0, 0, 0, 0, 0, 0, 1, 12
"e:\Embedded\MyLogGit\exampleSite\content\page\links\index.md", "Markdown", 0, 0, 32, 0, 0, 0, 0, 0, 0, 0, 0, 0, 5, 37
"e:\Embedded\MyLogGit\exampleSite\content\page\search\index.md", "Markdown", 0, 0, 13, 0, 0, 0, 0, 0, 0, 0, 0, 0, 0, 13
"e:\Embedded\MyLogGit\exampleSite\content\post\0-1-嵌软笔试面试\index.md", "Markdown", 0, 0, 245, 0, 0, 0, 0, 0, 0, 0, 0, 0, 44, 289
"e:\Embedded\MyLogGit\exampleSite\content\post\0-2-嵌软笔试面试-经典\index.md", "Markdown", 0, 0, 524, 0, 0, 0, 0, 0, 0, 0, 0, 0, 96, 620
"e:\Embedded\MyLogGit\exampleSite\content\post\1-0-C语言-杂项\index.md", "Markdown", 0, 0, 13, 0, 0, 0, 0, 0, 0, 0, 0, 0, 0, 13
"e:\Embedded\MyLogGit\exampleSite\content\post\1-1-C语言-内存\index.md", "Markdown", 0, 0, 141, 0, 0, 0, 0, 0, 0, 0, 0, 0, 18, 159
"e:\Embedded\MyLogGit\exampleSite\content\post\1-2-C语言-指针&数组\index.md", "Markdown", 0, 0, 406, 0, 0, 0, 0, 0, 0, 0, 0, 0, 26, 432
"e:\Embedded\MyLogGit\exampleSite\content\post\1-3-C语言-预处理\index.md", "Markdown", 0, 0, 144, 0, 0, 0, 0, 0, 0, 0, 0, 0, 18, 162
"e:\Embedded\MyLogGit\exampleSite\content\post\1-4-C语言-关键字\index.md", "Markdown", 0, 0, 243, 0, 0, 0, 0, 0, 0, 0, 0, 0, 18, 261
"e:\Embedded\MyLogGit\exampleSite\content\post\2-0-操作系统-杂项\index.md", "Markdown", 0, 0, 147, 0, 0, 0, 0, 0, 0, 0, 0, 0, 17, 164
"e:\Embedded\MyLogGit\exampleSite\content\post\2-1-操作系统-进程&线程\index.md", "Markdown", 0, 0, 239, 0, 0, 0, 0, 0, 0, 0, 0, 0, 37, 276
"e:\Embedded\MyLogGit\exampleSite\content\post\2-2-操作系统-进程线程实操\index.md", "Markdown", 0, 0, 356, 0, 0, 0, 0, 0, 0, 0, 0, 0, 74, 430
"e:\Embedded\MyLogGit\exampleSite\content\post\2-3-操作系统-FreeRTOS\index.md", "Markdown", 0, 0, 76, 0, 0, 0, 0, 0, 0, 0, 0, 0, 8, 84
"e:\Embedded\MyLogGit\exampleSite\content\post\2-4-操作系统-Linux\index.md", "Markdown", 0, 0, 515, 0, 0, 0, 0, 0, 0, 0, 0, 0, 192, 707
"e:\Embedded\MyLogGit\exampleSite\content\post\2-5-操作系统-Linux常用命令\index.md", "Markdown", 0, 0, 127, 0, 0, 0, 0, 0, 0, 0, 0, 0, 42, 169
"e:\Embedded\MyLogGit\exampleSite\content\post\2-6-操作系统-UCOS3\index.md", "Markdown", 0, 0, 491, 0, 0, 0, 0, 0, 0, 0, 0, 0, 91, 582
"e:\Embedded\MyLogGit\exampleSite\content\post\2-7-操作系统-imx6ull\index.md", "Markdown", 0, 0, 1071, 0, 0, 0, 0, 0, 0, 0, 0, 0, 170, 1241
"e:\Embedded\MyLogGit\exampleSite\content\post\3-0-单片机-杂项\index.md", "Markdown", 0, 0, 329, 0, 0, 0, 0, 0, 0, 0, 0, 0, 194, 523
"e:\Embedded\MyLogGit\exampleSite\content\post\3-1-单片机-IO\index.md", "Markdown", 0, 0, 42, 0, 0, 0, 0, 0, 0, 0, 0, 0, 3, 45
"e:\Embedded\MyLogGit\exampleSite\content\post\3-2-单片机-通信协议\index.md", "Markdown", 0, 0, 200, 0, 0, 0, 0, 0, 0, 0, 0, 0, 17, 217
"e:\Embedded\MyLogGit\exampleSite\content\post\3-3-单片机-配置相关术语\index.md", "Markdown", 0, 0, 261, 0, 0, 0, 0, 0, 0, 0, 0, 0, 47, 308
"e:\Embedded\MyLogGit\exampleSite\content\post\3-4-单片机-ARM架构\index.md", "Markdown", 0, 0, 428, 0, 0, 0, 0, 0, 0, 0, 0, 0, 221, 649
"e:\Embedded\MyLogGit\exampleSite\content\post\3-5-单片机-LVGL\index.md", "Markdown", 0, 0, 853, 0, 0, 0, 0, 0, 0, 0, 0, 0, 281, 1134
"e:\Embedded\MyLogGit\exampleSite\content\post\3-6-单片机-汇编语言\index.md", "Markdown", 0, 0, 17, 0, 0, 0, 0, 0, 0, 0, 0, 0, 7, 24
"e:\Embedded\MyLogGit\exampleSite\content\post\3-7-单片机-蓝桥杯51\index.md", "Markdown", 0, 0, 386, 0, 0, 0, 0, 0, 0, 0, 0, 0, 84, 470
"e:\Embedded\MyLogGit\exampleSite\content\post\4-1-网络协议-常见协议\index.md", "Markdown", 0, 0, 254, 0, 0, 0, 0, 0, 0, 0, 0, 0, 46, 300
"e:\Embedded\MyLogGit\exampleSite\content\post\4-2-网络协议-MQTT\index.md", "Markdown", 0, 0, 95, 0, 0, 0, 0, 0, 0, 0, 0, 0, 59, 154
"e:\Embedded\MyLogGit\exampleSite\content\post\4-3-网络协议-Zigbee\index.md", "Markdown", 0, 0, 233, 0, 0, 0, 0, 0, 0, 0, 0, 0, 158, 391
"e:\Embedded\MyLogGit\exampleSite\content\post\4-4-网络协议-TCP&UDP\index.md", "Markdown", 0, 0, 108, 0, 0, 0, 0, 0, 0, 0, 0, 0, 28, 136
"e:\Embedded\MyLogGit\exampleSite\content\post\4-5-网络协议-计算机网络\index.md", "Markdown", 0, 0, 244, 0, 0, 0, 0, 0, 0, 0, 0, 0, 90, 334
"e:\Embedded\MyLogGit\exampleSite\content\post\5-1-硬件-模拟电路\index.md", "Markdown", 0, 0, 77, 0, 0, 0, 0, 0, 0, 0, 0, 0, 27, 104
"e:\Embedded\MyLogGit\exampleSite\content\post\5-2-硬件-数字逻辑\index.md", "Markdown", 0, 0, 67, 0, 0, 0, 0, 0, 0, 0, 0, 0, 30, 97
"e:\Embedded\MyLogGit\exampleSite\content\post\5-3-硬件-处理器&架构\index.md", "Markdown", 0, 0, 55, 0, 0, 0, 0, 0, 0, 0, 0, 0, 21, 76
"e:\Embedded\MyLogGit\exampleSite\content\post\5-4-硬件-存储\index.md", "Markdown", 0, 0, 86, 0, 0, 0, 0, 0, 0, 0, 0, 0, 16, 102
"e:\Embedded\MyLogGit\exampleSite\content\post\5-5-硬件-计算机组成原理\index.md", "Markdown", 0, 0, 227, 0, 0, 0, 0, 0, 0, 0, 0, 0, 101, 328
"e:\Embedded\MyLogGit\exampleSite\content\post\6-1-数据结构-理论\index.md", "Markdown", 0, 0, 57, 0, 0, 0, 0, 0, 0, 0, 0, 0, 14, 71
"e:\Embedded\MyLogGit\exampleSite\content\post\6-2-数据结构-实践\index.md", "Markdown", 0, 0, 330, 0, 0, 0, 0, 0, 0, 0, 0, 0, 61, 391
"e:\Embedded\MyLogGit\exampleSite\content\post\6-3-数据结构-c++容器\index.md", "Markdown", 0, 0, 282, 0, 0, 0, 0, 0, 0, 0, 0, 0, 102, 384
"e:\Embedded\MyLogGit\exampleSite\content\post\6-4-数据结构-基础\index.md", "Markdown", 0, 0, 178, 0, 0, 0, 0, 0, 0, 0, 0, 0, 78, 256
"e:\Embedded\MyLogGit\exampleSite\content\post\7-1-微信小程序-echarts可视化\index.md", "Markdown", 0, 0, 539, 0, 0, 0, 0, 0, 0, 0, 0, 1, 71, 611
"e:\Embedded\MyLogGit\exampleSite\content\post\7-2-微信小程序-生成二维码\index.md", "Markdown", 0, 0, 71, 0, 0, 0, 0, 0, 0, 0, 0, 0, 15, 86
"e:\Embedded\MyLogGit\exampleSite\content\post\7-3-微信小程序-云开发\index.md", "Markdown", 0, 0, 70, 0, 0, 0, 0, 0, 0, 0, 0, 0, 7, 77
"e:\Embedded\MyLogGit\exampleSite\content\post\8-1-开发工具-Cjson\index.md", "Markdown", 0, 0, 398, 0, 0, 0, 0, 0, 0, 0, 0, 0, 83, 481
"e:\Embedded\MyLogGit\exampleSite\content\post\8-2-开发工具-Git\index.md", "Markdown", 0, 0, 71, 0, 0, 0, 0, 0, 0, 0, 0, 0, 33, 104
"e:\Embedded\MyLogGit\exampleSite\content\post\8-3-开发工具-Makefile&CMake\index.md", "Markdown", 0, 0, 240, 0, 0, 0, 0, 0, 0, 0, 0, 0, 58, 298
"e:\Embedded\MyLogGit\exampleSite\content\post\8-4-开发工具-Markdown\index.md", "Markdown", 0, 0, 61, 0, 0, 0, 0, 0, 0, 0, 0, 0, 76, 137
"e:\Embedded\MyLogGit\exampleSite\content\post\8-5-开发工具-Mysql\index.md", "Markdown", 0, 0, 333, 0, 0, 0, 0, 0, 0, 0, 0, 0, 56, 389
"e:\Embedded\MyLogGit\go.mod", "XML", 2, 0, 0, 0, 0, 0, 0, 0, 0, 0, 0, 0, 2, 4
"e:\Embedded\MyLogGit\i18n\ar.yaml", "YAML", 0, 0, 0, 0, 51, 0, 0, 0, 0, 0, 0, 0, 20, 71
"e:\Embedded\MyLogGit\i18n\bn.yaml", "YAML", 0, 0, 0, 0, 54, 0, 0, 0, 0, 0, 0, 0, 20, 74
"e:\Embedded\MyLogGit\i18n\ca.yaml", "YAML", 0, 0, 0, 0, 54, 0, 0, 0, 0, 0, 0, 0, 20, 74
"e:\Embedded\MyLogGit\i18n\de.yaml", "YAML", 0, 0, 0, 0, 54, 0, 0, 0, 0, 0, 0, 0, 21, 75
"e:\Embedded\MyLogGit\i18n\el.yaml", "YAML", 0, 0, 0, 0, 51, 0, 0, 0, 0, 0, 0, 1, 19, 71
"e:\Embedded\MyLogGit\i18n\en.yaml", "YAML", 0, 0, 0, 0, 54, 0, 0, 0, 0, 0, 0, 0, 20, 74
"e:\Embedded\MyLogGit\i18n\es.yaml", "YAML", 0, 0, 0, 0, 54, 0, 0, 0, 0, 0, 0, 0, 20, 74
"e:\Embedded\MyLogGit\i18n\fa.yaml", "YAML", 0, 0, 0, 0, 54, 0, 0, 0, 0, 0, 0, 0, 20, 74
"e:\Embedded\MyLogGit\i18n\fr.yaml", "YAML", 0, 0, 0, 0, 51, 0, 0, 0, 0, 0, 0, 0, 19, 70
"e:\Embedded\MyLogGit\i18n\hu.yaml", "YAML", 0, 0, 0, 0, 54, 0, 0, 0, 0, 0, 0, 0, 20, 74
"e:\Embedded\MyLogGit\i18n\id.yaml", "YAML", 0, 0, 0, 0, 54, 0, 0, 0, 0, 0, 0, 0, 20, 74
"e:\Embedded\MyLogGit\i18n\it.yaml", "YAML", 0, 0, 0, 0, 54, 0, 0, 0, 0, 0, 0, 0, 20, 74
"e:\Embedded\MyLogGit\i18n\ja.yaml", "YAML", 0, 0, 0, 0, 44, 0, 0, 0, 0, 0, 0, 0, 17, 61
"e:\Embedded\MyLogGit\i18n\ko.yaml", "YAML", 0, 0, 0, 0, 51, 0, 0, 0, 0, 0, 0, 0, 18, 69
"e:\Embedded\MyLogGit\i18n\nl.yaml", "YAML", 0, 0, 0, 0, 47, 0, 0, 0, 0, 0, 0, 0, 11, 58
"e:\Embedded\MyLogGit\i18n\pl.yaml", "YAML", 0, 0, 0, 0, 54, 0, 0, 0, 0, 0, 0, 0, 20, 74
"e:\Embedded\MyLogGit\i18n\pt-br.yaml", "YAML", 0, 0, 0, 0, 51, 0, 0, 0, 0, 0, 0, 0, 14, 65
"e:\Embedded\MyLogGit\i18n\ru.yaml", "YAML", 0, 0, 0, 0, 54, 0, 0, 0, 0, 0, 0, 0, 10, 64
"e:\Embedded\MyLogGit\i18n\th.yaml", "YAML", 0, 0, 0, 0, 51, 0, 0, 0, 0, 0, 0, 0, 20, 71
"e:\Embedded\MyLogGit\i18n\tr.yaml", "YAML", 0, 0, 0, 0, 44, 0, 0, 0, 0, 0, 0, 0, 10, 54
"e:\Embedded\MyLogGit\i18n\uk.yaml", "YAML", 0, 0, 0, 0, 52, 0, 0, 0, 0, 0, 0, 0, 20, 72
"e:\Embedded\MyLogGit\i18n\zh-cn.yaml", "YAML", 0, 0, 0, 0, 44, 0, 0, 0, 0, 0, 0, 0, 17, 61
"e:\Embedded\MyLogGit\i18n\zh-hk.yaml", "YAML", 0, 0, 0, 0, 54, 0, 0, 0, 0, 0, 0, 0, 20, 74
"e:\Embedded\MyLogGit\i18n\zh-tw.yaml", "YAML", 0, 0, 0, 0, 36, 0, 0, 0, 0, 0, 0, 0, 14, 50
"e:\Embedded\MyLogGit\layouts\404.html", "HTML", 0, 0, 0, 7, 0, 0, 0, 0, 0, 0, 0, 0, 0, 7
"e:\Embedded\MyLogGit\layouts\_default\_markup\render-image.html", "HTML", 0, 0, 0, 36, 0, 0, 0, 0, 0, 0, 0, 0, 5, 41
"e:\Embedded\MyLogGit\layouts\_default\_markup\render-link.html", "HTML", 0, 0, 0, 3, 0, 0, 0, 0, 0, 0, 0, 0, 0, 3
"e:\Embedded\MyLogGit\layouts\_default\archives.html", "HTML", 0, 0, 0, 32, 0, 0, 0, 0, 0, 0, 0, 0, 4, 36
"e:\Embedded\MyLogGit\layouts\_default\baseof.html", "HTML", 0, 0, 0, 27, 0, 0, 0, 0, 0, 0, 0, 0, 2, 29
"e:\Embedded\MyLogGit\layouts\_default\list.html", "HTML", 0, 0, 0, 74, 0, 0, 0, 0, 0, 0, 0, 0, 11, 85
"e:\Embedded\MyLogGit\layouts\_default\rss.xml", "XML", 48, 0, 0, 0, 0, 0, 0, 0, 0, 0, 0, 0, 1, 49
"e:\Embedded\MyLogGit\layouts\_default\single.html", "HTML", 0, 0, 0, 37, 0, 0, 0, 0, 0, 0, 0, 0, 10, 47
"e:\Embedded\MyLogGit\layouts\index.html", "HTML", 0, 0, 0, 16, 0, 0, 0, 0, 0, 0, 0, 0, 3, 19
"e:\Embedded\MyLogGit\layouts\page\search.html", "HTML", 0, 0, 0, 28, 0, 0, 0, 0, 0, 0, 0, 0, 5, 33
"e:\Embedded\MyLogGit\layouts\page\search.json", "JSON", 0, 0, 0, 0, 0, 0, 0, 0, 0, 0, 20, 0, 6, 26
"e:\Embedded\MyLogGit\layouts\partials\article-list\compact.html", "HTML", 0, 0, 0, 37, 0, 0, 0, 0, 0, 0, 0, 0, 3, 40
"e:\Embedded\MyLogGit\layouts\partials\article-list\default.html", "HTML", 0, 0, 0, 4, 0, 0, 0, 0, 0, 0, 0, 0, 0, 4
"e:\Embedded\MyLogGit\layouts\partials\article-list\tile.html", "HTML", 0, 0, 0, 35, 0, 0, 0, 0, 0, 0, 0, 0, 5, 40
"e:\Embedded\MyLogGit\layouts\partials\article\article.html", "HTML", 0, 0, 0, 8, 0, 0, 0, 0, 0, 0, 0, 0, 3, 11
"e:\Embedded\MyLogGit\layouts\partials\article\components\content.html", "HTML", 0, 0, 0, 4, 0, 0, 0, 0, 0, 0, 0, 1, 1, 6
"e:\Embedded\MyLogGit\layouts\partials\article\components\details.html", "HTML", 0, 0, 0, 53, 0, 0, 0, 0, 0, 0, 0, 0, 5, 58
"e:\Embedded\MyLogGit\layouts\partials\article\components\footer.html", "HTML", 0, 0, 0, 17, 0, 0, 0, 0, 0, 0, 0, 0, 3, 20
"e:\Embedded\MyLogGit\layouts\partials\article\components\header.html", "HTML", 0, 0, 0, 32, 0, 0, 0, 0, 0, 0, 0, 0, 3, 35
"e:\Embedded\MyLogGit\layouts\partials\article\components\links.html", "HTML", 0, 0, 0, 25, 0, 0, 0, 0, 0, 0, 0, 0, 1, 26
"e:\Embedded\MyLogGit\layouts\partials\article\components\math.html", "HTML", 0, 0, 0, 12, 0, 0, 0, 0, 0, 0, 0, 0, 0, 12
"e:\Embedded\MyLogGit\layouts\partials\article\components\photoswipe.html", "HTML", 0, 0, 0, 37, 0, 0, 0, 0, 0, 0, 0, 11, 20, 68
"e:\Embedded\MyLogGit\layouts\partials\article\components\related-content.html", "HTML", 0, 0, 0, 13, 0, 0, 0, 0, 0, 0, 0, 0, 0, 13
"e:\Embedded\MyLogGit\layouts\partials\article\components\tags.html", "HTML", 0, 0, 0, 7, 0, 0, 0, 0, 0, 0, 0, 0, 0, 7
"e:\Embedded\MyLogGit\layouts\partials\comments\include.html", "HTML", 0, 0, 0, 3, 0, 0, 0, 0, 0, 0, 0, 0, 0, 3
"e:\Embedded\MyLogGit\layouts\partials\comments\provider\cactus.html", "HTML", 0, 0, 0, 24, 0, 0, 0, 0, 0, 0, 0, 0, 6, 30
"e:\Embedded\MyLogGit\layouts\partials\comments\provider\cusdis.html", "HTML", 0, 0, 0, 19, 0, 0, 0, 0, 0, 0, 0, 0, 3, 22
"e:\Embedded\MyLogGit\layouts\partials\comments\provider\disqus.html", "HTML", 0, 0, 0, 20, 0, 0, 0, 0, 0, 0, 0, 0, 2, 22
"e:\Embedded\MyLogGit\layouts\partials\comments\provider\disqusjs.html", "HTML", 0, 0, 0, 55, 0, 0, 0, 0, 0, 0, 0, 0, 6, 61
"e:\Embedded\MyLogGit\layouts\partials\comments\provider\giscus.html", "HTML", 0, 0, 0, 47, 0, 0, 0, 0, 0, 0, 0, 0, 3, 50
"e:\Embedded\MyLogGit\layouts\partials\comments\provider\gitalk.html", "HTML", 0, 0, 0, 30, 0, 0, 0, 0, 0, 0, 0, 0, 1, 31
"e:\Embedded\MyLogGit\layouts\partials\comments\provider\remark42.html", "HTML", 0, 0, 0, 27, 0, 0, 0, 0, 0, 0, 0, 0, 3, 30
"e:\Embedded\MyLogGit\layouts\partials\comments\provider\twikoo.html", "HTML", 0, 0, 0, 52, 0, 0, 0, 0, 0, 0, 0, 0, 2, 54
"e:\Embedded\MyLogGit\layouts\partials\comments\provider\utterances.html", "HTML", 0, 0, 0, 36, 0, 0, 0, 0, 0, 0, 0, 0, 5, 41
"e:\Embedded\MyLogGit\layouts\partials\comments\provider\vssue.html", "HTML", 0, 0, 0, 24, 0, 0, 0, 0, 0, 0, 0, 0, 4, 28
"e:\Embedded\MyLogGit\layouts\partials\comments\provider\waline.html", "HTML", 0, 0, 0, 30, 0, 0, 0, 0, 0, 0, 0, 0, 5, 35
"e:\Embedded\MyLogGit\layouts\partials\data\description.html", "HTML", 0, 0, 0, 7, 0, 0, 0, 0, 0, 0, 0, 3, 2, 12
"e:\Embedded\MyLogGit\layouts\partials\data\title.html", "HTML", 0, 0, 0, 23, 0, 0, 0, 0, 0, 0, 0, 7, 8, 38
"e:\Embedded\MyLogGit\layouts\partials\footer\components\custom-font.html", "HTML", 0, 0, 0, 9, 0, 0, 0, 0, 0, 0, 0, 0, 2, 11
"e:\Embedded\MyLogGit\layouts\partials\footer\components\script.html", "HTML", 0, 0, 0, 9, 0, 0, 0, 0, 0, 0, 0, 0, 3, 12
"e:\Embedded\MyLogGit\layouts\partials\footer\custom.html", "HTML", 0, 0, 0, 0, 0, 0, 0, 0, 0, 0, 0, 0, 1, 1
"e:\Embedded\MyLogGit\layouts\partials\footer\footer.html", "HTML", 0, 0, 0, 20, 0, 0, 0, 0, 0, 0, 0, 0, 4, 24
"e:\Embedded\MyLogGit\layouts\partials\footer\include.html", "HTML", 0, 0, 0, 3, 0, 0, 0, 0, 0, 0, 0, 0, 0, 3
"e:\Embedded\MyLogGit\layouts\partials\head\colorScheme.html", "HTML", 0, 0, 0, 37, 0, 0, 0, 0, 0, 0, 0, 0, 3, 40
"e:\Embedded\MyLogGit\layouts\partials\head\custom.html", "HTML", 0, 0, 0, 0, 0, 0, 0, 0, 0, 0, 0, 0, 1, 1
"e:\Embedded\MyLogGit\layouts\partials\head\head.html", "HTML", 0, 0, 0, 18, 0, 0, 0, 0, 0, 0, 0, 0, 8, 26
"e:\Embedded\MyLogGit\layouts\partials\head\opengraph\include.html", "HTML", 0, 0, 0, 2, 0, 0, 0, 0, 0, 0, 0, 0, 0, 2
"e:\Embedded\MyLogGit\layouts\partials\head\opengraph\provider\base.html", "HTML", 0, 0, 0, 38, 0, 0, 0, 0, 0, 0, 0, 0, 5, 43
"e:\Embedded\MyLogGit\layouts\partials\head\opengraph\provider\twitter.html", "HTML", 0, 0, 0, 13, 0, 0, 0, 0, 0, 0, 0, 0, 3, 16
"e:\Embedded\MyLogGit\layouts\partials\head\script.html", "HTML", 0, 0, 0, 0, 0, 0, 0, 0, 0, 0, 0, 0, 1, 1
"e:\Embedded\MyLogGit\layouts\partials\head\style.html", "HTML", 0, 0, 0, 3, 0, 0, 0, 0, 0, 0, 0, 0, 0, 3
"e:\Embedded\MyLogGit\layouts\partials\helper\external.html", "HTML", 0, 0, 0, 29, 0, 0, 0, 0, 0, 0, 0, 0, 0, 29
"e:\Embedded\MyLogGit\layouts\partials\helper\icon.html", "HTML", 0, 0, 0, 6, 0, 0, 0, 0, 0, 0, 0, 0, 0, 6
"e:\Embedded\MyLogGit\layouts\partials\helper\image.html", "HTML", 0, 0, 0, 39, 0, 0, 0, 0, 0, 0, 0, 9, 14, 62
"e:\Embedded\MyLogGit\layouts\partials\pagination.html", "HTML", 0, 0, 0, 25, 0, 0, 0, 0, 0, 0, 0, 0, 2, 27
"e:\Embedded\MyLogGit\layouts\partials\sidebar\left.html", "HTML", 0, 0, 0, 92, 0, 0, 0, 0, 0, 0, 0, 0, 9, 101
"e:\Embedded\MyLogGit\layouts\partials\sidebar\right.html", "HTML", 0, 0, 0, 13, 0, 0, 0, 0, 0, 0, 0, 0, 0, 13
"e:\Embedded\MyLogGit\layouts\partials\widget\archives.html", "HTML", 0, 0, 0, 33, 0, 0, 0, 0, 0, 0, 0, 0, 2, 35
"e:\Embedded\MyLogGit\layouts\partials\widget\categories.html", "HTML", 0, 0, 0, 15, 0, 0, 0, 0, 0, 0, 0, 0, 2, 17
"e:\Embedded\MyLogGit\layouts\partials\widget\search.html", "HTML", 0, 0, 0, 15, 0, 0, 0, 0, 0, 0, 0, 0, 1, 16
"e:\Embedded\MyLogGit\layouts\partials\widget\tag-cloud.html", "HTML", 0, 0, 0, 15, 0, 0, 0, 0, 0, 0, 0, 0, 1, 16
"e:\Embedded\MyLogGit\layouts\partials\widget\toc.html", "HTML", 0, 0, 0, 11, 0, 0, 0, 0, 0, 0, 0, 0, 1, 12
"e:\Embedded\MyLogGit\layouts\shortcodes\bilibili.html", "HTML", 0, 0, 0, 21, 0, 0, 0, 0, 0, 0, 0, 0, 3, 24
"e:\Embedded\MyLogGit\layouts\shortcodes\gitlab.html", "HTML", 0, 0, 0, 4, 0, 0, 0, 0, 0, 0, 0, 0, 0, 4
"e:\Embedded\MyLogGit\layouts\shortcodes\quote.html", "HTML", 0, 0, 0, 15, 0, 0, 0, 0, 0, 0, 0, 0, 0, 15
"e:\Embedded\MyLogGit\layouts\shortcodes\tencent.html", "HTML", 0, 0, 0, 10, 0, 0, 0, 0, 0, 0, 0, 0, 0, 10
"e:\Embedded\MyLogGit\layouts\shortcodes\video.html", "HTML", 0, 0, 0, 14, 0, 0, 0, 0, 0, 0, 0, 0, 1, 15
"e:\Embedded\MyLogGit\layouts\shortcodes\youtube.html", "HTML", 0, 0, 0, 13, 0, 0, 0, 0, 0, 0, 0, 0, 0, 13
"Total", "-", 164, 1, 11469, 1463, 1639, 2395, 536, 242, 25, 15, 20, 533, 4476, 22978